tag,dataset,budget,n_reviewed,raw_recall,judge_recall,recall_gain,recall_gain_ci_lo,recall_gain_ci_hi,raw_residual_risk,judge_residual_risk,residual_risk_improvement,risk_improvement_ci_lo,risk_improvement_ci_hi
gemma3,gsm8k,0.02,26,0.25,0.1125,0.1375,0.054062500000000006,0.2,0.04640371229698376,0.05491105955143078,0.008507347254447024,0.0033449342614075787,0.012374323279195673
gemma3,gsm8k,0.03,40,0.3125,0.175,0.1375,0.06250000000000003,0.25,0.04300234558248632,0.05160281469898358,0.008600469116497263,0.0039093041438623966,0.015637216575449572
gemma3,gsm8k,0.05,66,0.4875,0.2625,0.22499999999999998,0.125,0.30000000000000004,0.03272146847565842,0.047086991221069435,0.014365522745411016,0.007980845969672787,0.01915403032721469
gemma3,gsm8k,0.075,99,0.55,0.4125,0.13750000000000007,0.024999999999999967,0.22500000000000003,0.029508196721311476,0.038524590163934426,0.00901639344262295,0.0016393442622950824,0.014754098360655742
gemma3,gsm8k,0.1,132,0.625,0.525,0.09999999999999998,-0.0024999999999999493,0.18750000000000006,0.02527379949452401,0.03201347935973041,0.006739679865206398,-0.00016849199663016012,0.012636899747262002
gemma3,gsm8k,0.15,198,0.675,0.675,0.0,-0.09999999999999998,0.10000000000000009,0.0231935771632471,0.0231935771632471,0.0,-0.007136485280999107,0.007136485280999111
gemma3,gsm8k,0.2,264,0.725,0.7375,-0.012500000000000067,-0.09792968749999999,0.07304440789473678,0.02085308056872038,0.01990521327014218,-0.0009478672985781984,-0.00742594786729858,0.005538912446994257
qwen25_7b,gsm8k,0.02,26,0.205607476635514,0.14018691588785046,0.06542056074766356,0.009345794392523366,0.11214953271028037,0.065738592420727,0.0711523588553751,0.00541376643464811,0.0007733952049497339,0.009280742459396751
qwen25_7b,gsm8k,0.03,40,0.2897196261682243,0.19626168224299065,0.09345794392523363,0.01869158878504673,0.1588785046728972,0.05942142298670837,0.06724003127443315,0.00781860828772478,0.001563721657544967,0.013291634089132136
qwen25_7b,gsm8k,0.05,66,0.40186915887850466,0.308411214953271,0.09345794392523366,0.01869158878504673,0.17757009345794394,0.05107741420590583,0.05905826017557861,0.00798084596967278,0.0015961691939345574,0.015163607342378295
qwen25_7b,gsm8k,0.075,99,0.4953271028037383,0.4049844236760125,0.09034267912772581,0.0,0.16822429906542052,0.04426229508196721,0.05218579234972678,0.007923497267759566,0.0,0.014754098360655735
qwen25_7b,gsm8k,0.1,132,0.5700934579439252,0.5293118096856414,0.04078164825828379,-0.03740654205607477,0.12150992990654198,0.038753159224936815,0.042429348242322126,0.003676189017385312,-0.0033719460825610793,0.010953296124684073
qwen25_7b,gsm8k,0.15,198,0.6448598130841121,0.6200731409995937,0.024786672084518457,-0.06683411214953285,0.10280373831775702,0.03389830508474576,0.03626420509638134,0.0023659000116355786,-0.006379348795718117,0.009812667261373774
qwen25_7b,gsm8k,0.2,264,0.6915887850467289,0.7421660252886201,-0.05057724024189114,-0.1425259041040228,0.031790079079798673,0.031279620853080566,0.026149986060775024,-0.005129634792305542,-0.014455233875953018,0.0032242070725483035
llama31_8b,gsm8k,0.02,26,0.09871244635193133,0.06866952789699571,0.03004291845493562,0.00858369098712447,0.055793991416309016,0.16393442622950818,0.16939890710382513,0.005464480874316946,0.0015612802498048417,0.010148321623731471
llama31_8b,gsm8k,0.03,39,0.1459227467811159,0.0944206008583691,0.05150214592274678,0.025751072961373384,0.08583690987124465,0.15694006309148265,0.16640378548895898,0.009463722397476337,0.004731861198738169,0.01577287066246058
llama31_8b,gsm8k,0.05,65,0.22746781115879827,0.12017167381974249,0.10729613733905578,0.06437768240343347,0.14163090128755365,0.14492753623188406,0.16505636070853463,0.02012882447665057,0.012077294685990336,0.02657004830917875
llama31_8b,gsm8k,0.075,98,0.33047210300429186,0.19098712446351931,0.13948497854077255,0.09871244635193133,0.1888412017167382,0.12903225806451613,0.15591397849462366,0.02688172043010753,0.019023986765922235,0.03639371381306865
llama31_8b,gsm8k,0.1,131,0.4034334763948498,0.2317596566523605,0.17167381974248927,0.11158798283261806,0.21888412017167383,0.11819727891156463,0.1522108843537415,0.03401360544217687,0.022108843537414963,0.04336734693877552
llama31_8b,gsm8k,0.15,196,0.5064377682403434,0.33047210300429186,0.1759656652360515,0.12017167381974247,0.23605150214592274,0.1035103510351035,0.1404140414041404,0.0369036903690369,0.0252025202520252,0.04950495049504949
llama31_8b,gsm8k,0.2,261,0.5879828326180258,0.4034334763948498,0.18454935622317598,0.12446351931330474,0.24463519313304727,0.09177820267686425,0.13288718929254303,0.041108986615678786,0.02772466539196941,0.05449330783938816
gemma3_math,math,0.02,98,0.10479375696767002,0.0758082497212932,0.028985507246376815,0.020066889632107024,0.04013377926421405,0.167816091954023,0.17324973876698013,0.0054336468129571325,0.0037617554858934144,0.007523510971786829
gemma3_math,math,0.03,146,0.15719063545150502,0.11817168338907469,0.039018952062430334,0.027870680044593088,0.05239687848383501,0.15959468017732742,0.1669833227781296,0.007388642600802187,0.005277601857715863,0.009921891492505802
gemma3_math,math,0.05,244,0.25418060200668896,0.1995540691192865,0.05462653288740246,0.041248606465997734,0.0713489409141583,0.1442121146798879,0.15477473593446864,0.01056262125458074,0.00797585686570379,0.013796076740676871
gemma3_math,math,0.075,366,0.3756967670011148,0.2816796729840208,0.09401709401709402,0.07580824972129319,0.1125975473801561,0.12397609032543724,0.1426462991661132,0.018670208840675967,0.015054239539517372,0.02235997343369492
gemma3_math,math,0.1,488,0.4793756967670011,0.3626904496469714,0.1166852471200297,0.09363991081382385,0.13935340022296544,0.10625711035267349,0.13007205157375806,0.023814941221084573,0.019111490329920364,0.02844141069397041
gemma3_math,math,0.15,732,0.6287625418060201,0.4779617695842511,0.15080077222176902,0.12100055741360094,0.17732060083318657,0.08022163334136352,0.11280855039338154,0.03258691705201802,0.026147313900264993,0.038317653323866135
gemma3_math,math,0.2,977,0.7246376811594203,0.5654960981047937,0.15914158305462656,0.12731772225775234,0.1898404735361257,0.06323604710701484,0.09978238607270866,0.036546338965693814,0.029238094435536058,0.04359623777826542
qwen25_7b_math,math,0.02,99,0.0712143928035982,0.06671664167916042,0.004497751124437788,0.0,0.010494752623688167,0.2554639175257732,0.256701030927835,0.0012371134020618402,0.0,0.0028865979381443307
qwen25_7b_math,math,0.03,148,0.10494752623688156,0.09745127436281859,0.00749625187406297,0.0014992503748125913,0.01499250374812594,0.2486981878775255,0.2507810872734847,0.0020828993959591813,0.0004165798791918307,0.0041657987919183626
qwen25_7b_math,math,0.05,247,0.1701649175412294,0.15667166416791603,0.013493253373313363,0.004497751124437788,0.022488755622188883,0.23543173117822203,0.23925988940876222,0.003828158230540196,0.0012760527435134172,0.006380263717566975
qwen25_7b_math,math,0.075,371,0.25262368815592207,0.23163418290854573,0.020989505247376333,0.011244377811094441,0.031484257871064486,0.21778069025775448,0.2238968982088248,0.006116207951070318,0.0032765399737876844,0.009174311926605505
qwen25_7b_math,math,0.1,495,0.3275862068965517,0.30359820089955025,0.02398800599700146,0.012743628185907074,0.03823088455772117,0.20139200718455322,0.20857656039515043,0.0071845532105972165,0.0038167938931297773,0.011450381679389332
qwen25_7b_math,math,0.15,742,0.4707646176911544,0.4270364817591204,0.04372813593203401,0.029734091287689498,0.06086002453318793,0.16781554551937247,0.18168132477616672,0.013865779256794247,0.009428399757018717,0.01929813946452881
qwen25_7b_math,math,0.2,990,0.5854572713643178,0.5413364746198329,0.04412079674448488,0.02550017036936074,0.06164449379084044,0.13968173781257892,0.1545484068848555,0.014866669072276573,0.008592378699855324,0.02077134496513792
llama31_8b_math,math,0.02,89,0.04030797101449275,0.03170289855072464,0.008605072463768113,0.0054347826086956486,0.012681159420289852,0.48412154443682887,0.48846241718071737,0.004340872743888502,0.002741603838245399,0.006397075622572523
llama31_8b_math,math,0.03,134,0.06068840579710145,0.04664855072463768,0.014039855072463768,0.009510869565217392,0.018568840579710144,0.47876269621421974,0.48591874422899356,0.007156048014773819,0.00484764542936289,0.009464450600184693
llama31_8b_math,math,0.05,223,0.10054347826086957,0.07971014492753623,0.020833333333333343,0.01494565217391304,0.02581521739130435,0.46806504831487156,0.47890643412679706,0.010841385811925508,0.007777515908555244,0.01343389111477733
llama31_8b_math,math,0.075,335,0.14990942028985507,0.11730072463768115,0.03260869565217392,0.02581521739130435,0.04030797101449275,0.45436940208182036,0.4717985959816025,0.017429193899782147,0.013798111837327542,0.021544420237230688
llama31_8b_math,math,0.1,447,0.19701086956521738,0.1539855072463768,0.043025362318840576,0.03487318840579709,0.051188858695652116,0.4411545160487684,0.4647922368748445,0.023637720826076125,0.019158994774819582,0.0281226673301816
llama31_8b_math,math,0.15,670,0.28894927536231885,0.22871376811594202,0.06023550724637683,0.05072463768115945,0.07065217391304349,0.4135932560590095,0.4486301369863014,0.0350368809272919,0.029504741833508985,0.0410958904109589
llama31_8b_math,math,0.2,893,0.37771739130434784,0.297554347826087,0.08016304347826086,0.07065217391304346,0.09239130434782611,0.38455079764903444,0.4340890008396306,0.04953820319059615,0.04366078925272876,0.05709487825356846
